[
  {
    "value": "butter",
    "synonyms": [
      "butter"
    ]
  },
  {
    "value": "cucumber",
    "synonyms": [
      "cucumber",
      "pickle",
      "pickle cucumber"
    ]
  },
  {
    "value": "salami",
    "synonyms": [
      "salami"
    ]
  },
  {
    "value": "bacon",
    "synonyms": [
      "bacon"
    ]
  },
  {
    "value": "cheese",
    "synonyms": [
      "cheese"
    ]
  },
  {
    "value": "tomatoes",
    "synonyms": [
      "tomato",
      "tomatoes"
    ]
  },
  {
    "value": "salad",
    "synonyms": [
      "salad"
    ]
  },
  {
    "value": "stripsy",
    "synonyms": [
      "stripsy",
      "chicken stripsy"
    ]
  },
  {
    "value": "mozarella",
    "synonyms": [
      "mozarella"
    ]
  },
  {
    "value": "eggs",
    "synonyms": [
      "eggs",
      "egg"
    ]
  },
  {
    "value": "ham",
    "synonyms": [
      "ham"
    ]
  }
]