[
  {
    "id": "d4796f00-078f-4ea8-91e0-76e63d78eec9",
    "data": [
      {
        "text": "i want ",
        "userDefined": false
      },
      {
        "text": "mayo",
        "alias": "sauce",
        "meta": "@sauce",
        "userDefined": false
      },
      {
        "text": " sandwich with ",
        "userDefined": false
      },
      {
        "text": "salami",
        "alias": "Ingredients",
        "meta": "@Ingredients",
        "userDefined": false
      }
    ],
    "isTemplate": false,
    "count": 0,
    "updated": 1519317447
  },
  {
    "id": "28e61a04-d4a6-4548-9f1f-2916515c5d32",
    "data": [
      {
        "text": "Can I order ",
        "userDefined": false
      },
      {
        "text": "garlic",
        "alias": "sauce",
        "meta": "@sauce",
        "userDefined": false
      },
      {
        "text": " sandwich with ",
        "userDefined": false
      },
      {
        "text": "salad",
        "alias": "Ingredients",
        "meta": "@Ingredients",
        "userDefined": false
      },
      {
        "text": ", ",
        "userDefined": false
      },
      {
        "text": "tomatoes",
        "alias": "Ingredients",
        "meta": "@Ingredients",
        "userDefined": false
      },
      {
        "text": "?",
        "userDefined": false
      }
    ],
    "isTemplate": false,
    "count": 0,
    "updated": 1519317447
  },
  {
    "id": "f971938f-192d-4217-99e9-8098dbe2ba7c",
    "data": [
      {
        "text": "i want a sandwich with ",
        "userDefined": false
      },
      {
        "text": "eggs",
        "alias": "Ingredients",
        "meta": "@Ingredients",
        "userDefined": false
      }
    ],
    "isTemplate": false,
    "count": 0,
    "updated": 1519317447
  },
  {
    "id": "cce8c767-e9d2-4f4b-a5bf-d9b17d5d0403",
    "data": [
      {
        "text": "I would like a sandwich.",
        "userDefined": false
      }
    ],
    "isTemplate": false,
    "count": 1,
    "updated": 1519317447
  },
  {
    "id": "375b34c7-a301-4d06-ac5a-c4bf81974a1c",
    "data": [
      {
        "text": "I want a sandwich with ",
        "userDefined": false
      },
      {
        "text": "eggs",
        "alias": "Ingredients",
        "meta": "@Ingredients",
        "userDefined": false
      },
      {
        "text": ", ",
        "userDefined": false
      },
      {
        "text": "salad",
        "alias": "Ingredients",
        "meta": "@Ingredients",
        "userDefined": false
      },
      {
        "text": ", ",
        "userDefined": false
      },
      {
        "text": "pickle cucumber",
        "alias": "Ingredients",
        "meta": "@Ingredients",
        "userDefined": false
      },
      {
        "text": " and ",
        "userDefined": false
      },
      {
        "text": "mayo",
        "alias": "sauce",
        "meta": "@sauce",
        "userDefined": false
      },
      {
        "text": ".",
        "userDefined": false
      }
    ],
    "isTemplate": false,
    "count": 0,
    "updated": 1519317447
  },
  {
    "id": "d3f39aeb-ce3f-464d-ab9e-c1b61ab18800",
    "data": [
      {
        "text": "Give me a ",
        "userDefined": false
      },
      {
        "text": "mayo",
        "alias": "sauce",
        "meta": "@sauce",
        "userDefined": false
      },
      {
        "text": " sandwich with ",
        "userDefined": false
      },
      {
        "text": "eggs",
        "alias": "Ingredients",
        "meta": "@Ingredients",
        "userDefined": false
      },
      {
        "text": ", ",
        "userDefined": false
      },
      {
        "text": "salad",
        "alias": "Ingredients",
        "meta": "@Ingredients",
        "userDefined": false
      },
      {
        "text": " and ",
        "userDefined": false
      },
      {
        "text": "pickle cucumber",
        "alias": "Ingredients",
        "meta": "@Ingredients",
        "userDefined": false
      }
    ],
    "isTemplate": false,
    "count": 0,
    "updated": 1519317447
  },
  {
    "id": "3846aeac-9a37-4926-abb5-74f9f9ba7d40",
    "data": [
      {
        "text": "i want a ",
        "userDefined": false
      },
      {
        "text": "mayo",
        "alias": "sauce",
        "meta": "@sauce",
        "userDefined": false
      },
      {
        "text": " sandwich with ",
        "userDefined": false
      },
      {
        "text": "salami",
        "alias": "Ingredients",
        "meta": "@Ingredients",
        "userDefined": false
      }
    ],
    "isTemplate": false,
    "count": 0,
    "updated": 1519284738
  },
  {
    "id": "de84254e-f56c-4174-91e1-2446d6166996",
    "data": [
      {
        "text": "I want a sandwich",
        "userDefined": false
      }
    ],
    "isTemplate": false,
    "count": 0,
    "updated": 1519243685
  }
]