[
  {
    "id": "9307fafa-c4d8-4135-abc1-5d849f4d2e52",
    "data": [
      {
        "text": "What ingredients do you have?",
        "userDefined": false
      }
    ],
    "isTemplate": false,
    "count": 0,
    "updated": 1516444366
  },
  {
    "id": "f48adba3-ed45-4b66-be95-7e1489f8e08d",
    "data": [
      {
        "text": "What can I have in my sandwich?",
        "userDefined": false
      }
    ],
    "isTemplate": false,
    "count": 0,
    "updated": 1516444366
  },
  {
    "id": "4c3ebdfa-d373-4ebc-aebf-066fd9261f10",
    "data": [
      {
        "text": "Which ingredients can I choose?",
        "userDefined": false
      }
    ],
    "isTemplate": false,
    "count": 0,
    "updated": 1516444366
  },
  {
    "id": "e7dfcae4-9eca-4a62-8dfe-5bb5c7b5772e",
    "data": [
      {
        "text": "what ingredients do you have?",
        "userDefined": false
      }
    ],
    "isTemplate": false,
    "count": 0,
    "updated": 0
  },
  {
    "id": "25f13ac3-5ff0-4561-910b-4684cb4c33c9",
    "data": [
      {
        "text": "which ingredients do you have?",
        "userDefined": false
      }
    ],
    "isTemplate": false,
    "count": 0
  },
  {
    "id": "8fd046f3-1d1a-45f1-b3a1-e3b25385c909",
    "data": [
      {
        "text": "What ingredients do you offer?",
        "userDefined": false
      }
    ],
    "isTemplate": false,
    "count": 0,
    "updated": 1516444366
  }
]