[
  {
    "id": "b725c62c-4414-44b1-b73a-bae5b151dae6",
    "data": [
      {
        "text": "Which sauce do you offer?",
        "userDefined": false
      }
    ],
    "isTemplate": false,
    "count": 0,
    "updated": 1519317507
  },
  {
    "id": "0d1ea46c-7e40-48b7-8e58-b5f0f52f4db2",
    "data": [
      {
        "text": "Which ingredients can I choose?",
        "userDefined": false
      }
    ],
    "isTemplate": false,
    "count": 0,
    "updated": 1519317507
  },
  {
    "id": "5b6ce892-936c-4a36-ac87-07460dbf547b",
    "data": [
      {
        "text": "Which sauce do you have?",
        "userDefined": false
      }
    ],
    "isTemplate": false,
    "count": 0,
    "updated": 1519317281
  },
  {
    "id": "c75c0ff1-34e3-4f58-a25b-157a388977bf",
    "data": [
      {
        "text": "What sauce can I get?",
        "userDefined": false
      }
    ],
    "isTemplate": false,
    "count": 0,
    "updated": 1519317281
  },
  {
    "id": "0ef22861-75ff-4f0d-9822-5bec964051ca",
    "data": [
      {
        "text": "What sauce do you have?",
        "userDefined": false
      }
    ],
    "isTemplate": false,
    "count": 0,
    "updated": 1519317281
  }
]