[
  {
    "id": "49e934a1-7823-4ab2-a96c-88006787f4c6",
    "data": [
      {
        "text": "Yes, please",
        "userDefined": false
      }
    ],
    "isTemplate": false,
    "count": 0,
    "updated": 1519317599
  },
  {
    "id": "9cf7815c-492e-457b-b718-399abe60e5ec",
    "data": [
      {
        "text": "Of course",
        "userDefined": false
      }
    ],
    "isTemplate": false,
    "count": 0,
    "updated": 1519317599
  },
  {
    "id": "883ff3ae-a26a-422c-ac62-28195b97c26b",
    "data": [
      {
        "text": "Yes",
        "userDefined": false
      }
    ],
    "isTemplate": false,
    "count": 0,
    "updated": 1519317599
  }
]